{"fx": 644.1546630859375, "fy": 643.5053100585938, "ppx": 651.5916748046875, "ppy": 356.612548828125, "image_size": [1280, 720]}