{"fx": 642.753173828125, "fy": 642.1051635742188, "ppx": 651.5916748046875, "ppy": 356.612548828125, "image_size": [1280, 720]}