{"fx": 643.4539184570312, "fy": 642.8052368164062, "ppx": 651.5916748046875, "ppy": 356.612548828125, "image_size": [1280, 720]}