{"fx": 642.5780029296875, "fy": 641.93017578125, "ppx": 651.5916748046875, "ppy": 356.612548828125, "image_size": [1280, 720]}